{"cameraMode":{"drawMode":0,"name":"Shaded","section":"Shading Mode"},"sceneLighting":true,"audioPlay":false,"sceneViewState":{"m_AlwaysRefresh":false,"showFog":true,"showSkybox":true,"showFlares":true,"showImageEffects":true,"showParticleSystems":true,"showVisualEffectGraphs":true,"m_FxEnabled":true},"in2DMode":false,"pivot":{"x":104.65033721923828,"y":15.680692672729493,"z":81.07901000976563},"rotation":{"x":-0.030141161754727365,"y":0.3190535008907318,"z":-0.010150779038667679,"w":-0.9472124576568604},"size":2.147747278213501,"orthographic":false}